<?xml version="1.0" encoding="UTF-8"?>
<beans xmlns="http://www.springframework.org/schema/beans"
       xmlns:xsi="http://www.w3.org/2001/XMLSchema-instance"
       xmlns:mongo="http://www.springframework.org/schema/data/mongo"
       xsi:schemaLocation="http://www.springframework.org/schema/beans
    http://www.springframework.org/schema/beans/spring-beans-3.0.xsd
    http://www.springframework.org/schema/data/mongo
    http://www.springframework.org/schema/data/mongo/spring-mongo-1.0.xsd">

    <bean id="applicationProperties" class="org.springframework.beans.factory.config.PropertyPlaceholderConfigurer">
        <property name="location" value="classpath:mongo.properties"/>
    </bean>

    <mongo:mongo id="mongo" host="${mongo.host}" port="${mongo.port}" replica-set="${mongo.replica}"/>
    <mongo:db-factory dbname="${mongo.dbname}" mongo-ref="mongo"/>

    <bean id="mongoTemplate" class="org.springframework.data.mongodb.core.MongoTemplate">
        <constructor-arg name="mongo" ref="mongo"/>
        <constructor-arg name="databaseName" value="${mongo.dbname}"/>
    </bean>

    <mongo:repositories base-package="com.teamdev.jsnoop.dao">
        <mongo:repository id="userRepository" mongo-template-ref="mongoTemplate"/>
        <mongo:repository id="reportRepository" mongo-template-ref="mongoTemplate"/>
        <mongo:repository id="keyRepository" mongo-template-ref="mongoTemplate"/>
    </mongo:repositories>
</beans>