<?xml version="1.0" encoding="UTF-8"?>
<beans xmlns="http://www.springframework.org/schema/beans"
       xmlns:context="http://www.springframework.org/schema/context"
       xmlns:mvc="http://www.springframework.org/schema/mvc"
       xmlns:xsi="http://www.w3.org/2001/XMLSchema-instance"
       xsi:schemaLocation="http://www.springframework.org/schema/beans http://www.springframework.org/schema/beans/spring-beans.xsd
       http://www.springframework.org/schema/mvc http://www.springframework.org/schema/mvc/spring-mvc-3.0.xsd
       http://www.springframework.org/schema/context http://www.springframework.org/schema/context/spring-context-3.0.xsd ">


    <mvc:annotation-driven/>
    <context:annotation-config/>
    <context:component-scan base-package="com.teamdev.jsnoop.service"/>


    <bean id="sendActivityNotification" class="org.springframework.scheduling.quartz.MethodInvokingJobDetailFactoryBean">
        <property name="targetObject" ref="reportActivityNotifier"/>
        <property name="targetMethod" value="sendActivityNotifications"/>
        <property name="concurrent" value="false"/>
    </bean>

    <bean id="resetRecipientList" class="org.springframework.scheduling.quartz.MethodInvokingJobDetailFactoryBean">
        <property name="targetObject" ref="reportActivityNotifier"/>
        <property name="targetMethod" value="resetNotifiedUsersList"/>
        <property name="concurrent" value="false"/>
    </bean>

      <!-- Every 5 minutes -->
    <bean id="sendNotificationCronTriger" class="org.springframework.scheduling.quartz.CronTriggerBean">
        <property name="jobDetail" ref="sendActivityNotification"/>
        <property name="cronExpression" value="0 */5 * * * ?"/>
    </bean>

    <!-- daily-->
    <bean id="resetRecipientListCronTriger" class="org.springframework.scheduling.quartz.CronTriggerBean">
        <property name="jobDetail" ref="resetRecipientList"/>
        <property name="cronExpression" value="0 0 0 * * ?"/>
    </bean>


    <bean class="org.springframework.scheduling.quartz.SchedulerFactoryBean">
        <property name="triggers">
            <list>
                <ref bean="sendNotificationCronTriger"/>
                <ref bean="resetRecipientListCronTriger"/>
            </list>
        </property>
    </bean>
</beans>