<?xml version="1.0" encoding="UTF-8"?>
<beans xmlns="http://www.springframework.org/schema/beans"
       xmlns:xsi="http://www.w3.org/2001/XMLSchema-instance"
       xmlns:security="http://www.springframework.org/schema/security"
       xmlns:context="http://www.springframework.org/schema/context"
       xsi:schemaLocation="http://www.springframework.org/schema/beans http://www.springframework.org/schema/beans/spring-beans.xsd
       http://www.springframework.org/schema/security http://www.springframework.org/schema/security/spring-security.xsd
       http://www.springframework.org/schema/context http://www.springframework.org/schema/context/spring-context-3.0.xsd">

    <context:component-scan base-package="com.teamdev.jsnoop.service"/>

    <security:http auto-config="true">
        <security:intercept-url pattern="/welcome/*" access="ROLE_ADMIN, ROLE_USER"/>
        <security:openid-login default-target-url="/welcome" authentication-failure-url="/loginfailed"
                               user-service-ref="userAuthenticationService" always-use-default-target="false">
            <security:attribute-exchange identifier-match="https://www.google.com/.*">

                <security:openid-attribute name="email" type="http://axschema.org/contact/email" required="true"
                                           count="1"/>

                <security:openid-attribute name="firstname" type="http://axschema.org/namePerson/first"
                                           required="true"/>

                <security:openid-attribute name="lastname" type="http://axschema.org/namePerson/last" required="true"/>

            </security:attribute-exchange>

            <security:attribute-exchange identifier-match=".*yahoo.com.*">

                <security:openid-attribute name="email" type="http://axschema.org/contact/email" required="true"/>

                <security:openid-attribute name="fullname" type="http://axschema.org/namePerson" required="true"/>

            </security:attribute-exchange>

        </security:openid-login>

        <security:form-login login-page="/login" default-target-url="/welcome" always-use-default-target="false"
                             login-processing-url=""
        authentication-failure-url="/loginfailed"/>
        <security:logout logout-success-url="/login"/>
    </security:http>

    <security:authentication-manager/>
</beans>