<?xml version="1.0" encoding="UTF-8"?>
<beans xmlns="http://www.springframework.org/schema/beans"
       xmlns:context="http://www.springframework.org/schema/context"
       xmlns:mvc="http://www.springframework.org/schema/mvc"
       xmlns:xsi="http://www.w3.org/2001/XMLSchema-instance"
       xsi:schemaLocation="http://www.springframework.org/schema/beans http://www.springframework.org/schema/beans/spring-beans.xsd
       http://www.springframework.org/schema/mvc http://www.springframework.org/schema/mvc/spring-mvc-3.0.xsd
       http://www.springframework.org/schema/context http://www.springframework.org/schema/context/spring-context-3.0.xsd ">


    <mvc:annotation-driven/>
    <context:annotation-config/>
    <context:component-scan base-package="com.teamdev.jsnoop.controller"/>
    <context:component-scan base-package="com.teamdev.jsnoop.service"/>
    <context:component-scan base-package="com.teamdev.jsnoop.model"/>
    <context:component-scan base-package="com.teamdev.jsnoop.dao"/>

    <mvc:resources mapping="/resources/**" location="/WEB-INF/resources/"/>

    <bean class="org.springframework.web.servlet.view.InternalResourceViewResolver">
        <property name="viewClass" value="org.springframework.web.servlet.view.JstlView"/>
        <property name="prefix" value="/WEB-INF/view/"/>
        <property name="suffix" value=".jsp"/>
    </bean>

    <bean id="jacksonMessageConverter" class="org.springframework.http.converter.json.MappingJacksonHttpMessageConverter"/>
    <bean class="org.springframework.web.servlet.mvc.annotation.AnnotationMethodHandlerAdapter">
        <property name="messageConverters">
            <list>
                <ref bean="jacksonMessageConverter"/>
            </list>
        </property>
    </bean>

    <bean name="contextRefreshedApplicationListener" class="com.teamdev.jsnoop.service.application.ApplicationListenerImpl"/>

    <import resource="mongo.xml"/>
    <import resource="security.xml"/>
    <import resource="quartz.xml"/>
</beans>